{"rsfmri_c_ngd_ad_ngd_ad": -0.19597497582435608, "rsfmri_c_ngd_ad_ngd_cgc": -0.2841672897338867, "rsfmri_c_ngd_ad_ngd_ca": -0.1856250762939453, "rsfmri_c_ngd_ad_ngd_dt": -0.05665744096040726, "rsfmri_c_ngd_ad_ngd_dla": 0.14232788980007172, "rsfmri_c_ngd_ad_ngd_fo": -0.2690172791481018, "rsfmri_c_ngd_ad_ngd_n": 0.3438537120819092, "rsfmri_c_ngd_ad_ngd_rspltp": -0.2702625095844269, "rsfmri_c_ngd_ad_ngd_smh": -0.12916706502437592, "rsfmri_c_ngd_ad_ngd_smm": -0.23433850705623627, "rsfmri_c_ngd_ad_ngd_sa": -0.30770143866539, "rsfmri_c_ngd_ad_ngd_vta": -0.012902975082397461, "rsfmri_c_ngd_ad_ngd_vs": 0.013564039021730423, "rsfmri_c_ngd_cgc_ngd_ad": 0.24671024084091187, "rsfmri_c_ngd_cgc_ngd_cgc": 0.05287984386086464, "rsfmri_c_ngd_cgc_ngd_ca": -0.297024667263031, "rsfmri_c_ngd_cgc_ngd_dt": 0.610431432723999, "rsfmri_c_ngd_cgc_ngd_dla": -0.2860773503780365, "rsfmri_c_ngd_cgc_ngd_fo": 0.05472850799560547, "rsfmri_c_ngd_cgc_ngd_n": -0.20075109601020813, "rsfmri_c_ngd_cgc_ngd_rspltp": 0.32517409324645996, "rsfmri_c_ngd_cgc_ngd_smh": 0.08276484906673431, "rsfmri_c_ngd_cgc_ngd_smm": -0.5198554992675781, "rsfmri_c_ngd_cgc_ngd_sa": -0.4284663796424866, "rsfmri_c_ngd_cgc_ngd_vta": -0.2101067304611206, "rsfmri_c_ngd_cgc_ngd_vs": 0.37307441234588623, "rsfmri_c_ngd_ca_ngd_ad": -0.08685716241598129, "rsfmri_c_ngd_ca_ngd_cgc": 0.34569722414016724, "rsfmri_c_ngd_ca_ngd_ca": 0.07792054116725922, "rsfmri_c_ngd_ca_ngd_dt": -0.16092073917388916, "rsfmri_c_ngd_ca_ngd_dla": 0.2260434776544571, "rsfmri_c_ngd_ca_ngd_fo": 0.07242272794246674, "rsfmri_c_ngd_ca_ngd_n": -0.3637780249118805, "rsfmri_c_ngd_ca_ngd_rspltp": 0.24619615077972412, "rsfmri_c_ngd_ca_ngd_smh": -0.5677556395530701, "rsfmri_c_ngd_ca_ngd_smm": 0.04182681441307068, "rsfmri_c_ngd_ca_ngd_sa": -0.04269237816333771, "rsfmri_c_ngd_ca_ngd_vta": -0.29574617743492126, "rsfmri_c_ngd_ca_ngd_vs": -0.17383089661598206, "rsfmri_c_ngd_dt_ngd_ad": -0.5593565702438354, "rsfmri_c_ngd_dt_ngd_cgc": -0.20758984982967377, "rsfmri_c_ngd_dt_ngd_ca": -0.1782987415790558, "rsfmri_c_ngd_dt_ngd_dt": -0.15201596915721893, "rsfmri_c_ngd_dt_ngd_dla": -0.26133009791374207, "rsfmri_c_ngd_dt_ngd_fo": -0.0019800662994384766, "rsfmri_c_ngd_dt_ngd_n": 0.03309819847345352, "rsfmri_c_ngd_dt_ngd_rspltp": 0.2281770408153534, "rsfmri_c_ngd_dt_ngd_smh": 0.3626057803630829, "rsfmri_c_ngd_dt_ngd_smm": 0.06595991551876068, "rsfmri_c_ngd_dt_ngd_sa": -0.10728028416633606, "rsfmri_c_ngd_dt_ngd_vta": 0.15591928362846375, "rsfmri_c_ngd_dt_ngd_vs": 0.5039761066436768, "rsfmri_c_ngd_dla_ngd_ad": 0.4964803159236908, "rsfmri_c_ngd_dla_ngd_cgc": -0.3160979449748993, "rsfmri_c_ngd_dla_ngd_ca": -0.2314007580280304, "rsfmri_c_ngd_dla_ngd_dt": -0.16311758756637573, "rsfmri_c_ngd_dla_ngd_dla": -0.4083171784877777, "rsfmri_c_ngd_dla_ngd_fo": 0.2130822092294693, "rsfmri_c_ngd_dla_ngd_n": 0.29011136293411255, "rsfmri_c_ngd_dla_ngd_rspltp": -0.10659298300743103, "rsfmri_c_ngd_dla_ngd_smh": -0.2627592086791992, "rsfmri_c_ngd_dla_ngd_smm": -0.9193131327629089, "rsfmri_c_ngd_dla_ngd_sa": -0.13960444927215576, "rsfmri_c_ngd_dla_ngd_vta": -0.42066946625709534, "rsfmri_c_ngd_dla_ngd_vs": -0.30725565552711487, "rsfmri_c_ngd_fo_ngd_ad": -0.2809128761291504, "rsfmri_c_ngd_fo_ngd_cgc": 0.22967103123664856, "rsfmri_c_ngd_fo_ngd_ca": 0.27044716477394104, "rsfmri_c_ngd_fo_ngd_dt": -0.13737571239471436, "rsfmri_c_ngd_fo_ngd_dla": -0.05731692910194397, "rsfmri_c_ngd_fo_ngd_fo": 0.4467313289642334, "rsfmri_c_ngd_fo_ngd_n": 0.22959934175014496, "rsfmri_c_ngd_fo_ngd_rspltp": -0.3904688060283661, "rsfmri_c_ngd_fo_ngd_smh": -0.0284283384680748, "rsfmri_c_ngd_fo_ngd_smm": 0.23810359835624695, "rsfmri_c_ngd_fo_ngd_sa": -0.08895157277584076, "rsfmri_c_ngd_fo_ngd_vta": 0.5337618589401245, "rsfmri_c_ngd_fo_ngd_vs": -0.6448498964309692, "rsfmri_c_ngd_n_ngd_ad": -0.06111961603164673, "rsfmri_c_ngd_n_ngd_cgc": 0.4251611530780792, "rsfmri_c_ngd_n_ngd_ca": 0.3446889817714691, "rsfmri_c_ngd_n_ngd_dt": 0.07763200998306274, "rsfmri_c_ngd_n_ngd_dla": -0.3966757655143738, "rsfmri_c_ngd_n_ngd_fo": -0.14258509874343872, "rsfmri_c_ngd_n_ngd_n": -0.07107013463973999, "rsfmri_c_ngd_n_ngd_rspltp": 0.276354044675827, "rsfmri_c_ngd_n_ngd_smh": -0.5707536935806274, "rsfmri_c_ngd_n_ngd_smm": -0.7421444654464722, "rsfmri_c_ngd_n_ngd_sa": -0.10465548932552338, "rsfmri_c_ngd_n_ngd_vta": 0.0035516172647476196, "rsfmri_c_ngd_n_ngd_vs": -0.21146634221076965, "rsfmri_c_ngd_rspltp_ngd_ad": -0.20477119088172913, "rsfmri_c_ngd_rspltp_ngd_cgc": 0.40942254662513733}
